Internal SKU:,Manufacturer:
10001,Custom
10102,Scitec Aegis
10301,Scitec Aegis
10302,Custom
10312,Custom
10526,Custom
19100,Cetis
20011,Scitec Aegis
20501,Scitec Aegis
20511,Custom
20512,Custom
20521,Scitec Aegis
31009,Custom
31039,Custom
31039,Custom
31049,TeleMatrix Marquis 3000
31139,Custom
31149,Custom
31239,Custom
31339,Custom
32049,Custom
32149,Custom
32359,Custom
33009,Custom
33039,Custom
33139,Custom
33149,Custom
33239,Custom
33339,Custom
33739,TeleMatrix Marquis 3000
34049,Custom
34149,Custom
34359,TeleMatrix Marquis 3000
34859,TeleMatrix v4
36009,Custom
36039,Custom
36139,Custom
36149,Custom
36239,Custom
36339,Custom
38049,Custom
38149,Custom
38359,Custom
55239,TeleMatrix Marquis 3000
71122,Scitec Business
71126,Scitec Aegis
76009,Custom
76039,Custom
76139,Custom
76149,Custom
76239,Custom
76339,Custom
78049,Custom
78149,Custom
78359,Custom
80001,Custom
80011,Custom
80012,Custom
80101,Custom
80102,Custom
80123,Scitec Aegis
80301,Custom
80302,Custom
80501,Custom
80502,Custom
81001,Custom
81002,Custom
88031,Custom
88032,Custom
88051,Custom
88052,Custom
88101,Custom
88102,Custom
89001,Custom
89002,Custom
89051,Custom
89052,Custom
89101,Custom
89102,Custom
90001,Scitec Aegis
90002,Scitec Aegis
90102,Scitec Aegis
90123,Scitec Aegis
90301,Scitec Aegis
90501,Scitec Aegis
90502,Cetis
92559,TeleMatrix Marquis 9600
93459,TeleMatrix Marquis 9600
96459,Custom
96499,Custom
96559,Custom
98001,Scitec Aegis
98002,Scitec Aegis
98031,Scitec Aegis
98032,Scitec Aegis
98051,Scitec Aegis
98052,Scitec Aegis
98102,Scitec Aegis
98459,Custom
98559,Custom
99051,Scitec Aegis
191001,Cetis
310091,Custom
310391,Custom
311391,Custom
311491,Custom
312391,Custom
313391,Custom
320491,Custom
321491,Custom
323591,Custom
330091,Custom
330391,Custom
330491,TeleMatrix Marquis 3000
331191,Custom
331391,Custom
331491,Custom
332391,Custom
333391,Custom
340491,Custom
341491,Custom
341591,Custom
343591,Custom
360091,Custom
360391,Custom
361391,Custom
361491,Custom
362391,Custom
363391,Custom
380491,Custom
381491,Custom
383591,Custom
400085,Custom
400090,Custom
400130,Custom
691191,Custom
691591,Custom
760091,Custom
760391,Custom
760491,Custom
761391,Custom
761491,Custom
762391,Custom
763391,Custom
781491,Custom
783591,Custom
924591,TeleMatrix Marquis 9600
935591,TeleMatrix Marquis 9600
963591,TeleMatrix Marquis 9600
964591,Custom
964991,Custom
965591,Custom
965991,Custom
982591,TeleMatrix Marquis 9600
984591,Custom
985591,Custom
10011FP,Custom
10501FP,Custom
3300391IP,Custom
330091IP,TeleMatrix Marquis 3000
330391IP,Custom
331491IP,Custom
33331IP,Custom
33339IP,Custom
341491IP,Custom
343591IP,TeleMatrix Marquis 3000
36139FR,Custom
361491FR,TeleMatrix Marquis 3000
36239FR,TeleMatrix Marquis 3000
36339FR,Custom
38149FR,Custom
38359FR,Custom
400000P,Custom
,
,
,
,
,
,
,
,
,
,
,
963591IP-NEC,TeleMatrix Marquis 9600
964591IP,Custom
964591-N,TeleMatrix Marquis 9600
965591HDKIT,Custom
965591IP,Custom
965591IPHDKIT,Custom
965591-N,TeleMatrix Marquis 9600
965591STW-N,TeleMatrix Marquis 9600
965991HDKIT,Custom
982591IP,TeleMatrix Marquis 9600
984591IP,Custom
984591-N,TeleMatrix Marquis 9600
98459IP,Custom
98459IP-NEC,Cetis
98459-N,TeleMatrix Marquis 9600
985591HDKIT,Custom
985591HDKIT-N,TeleMatrix Marquis 9600
985591IP,Custom
985591IPHDKIT,Custom
985591-N,TeleMatrix Marquis 9600
A100,Teledex OEM
A105,Teledex OEM
A110S,Teledex OEM
C12170,Teledex B-Series
C15435,Scitec Aegis
C15455,Scitec Aegis
C16000,Bittel Hotel Motel
C16005,Bittel Hotel Motel
C16030,Teledex (Stock)
C16070,Custom
C16075,Custom
C16100,Bittel Hotel Motel
C16140,Bittel Hotel Motel
C16150,VTech
C16155,VTech
C16160,VTech
C16165,VTech
C16170,VTech
C16175,VTech
C16180,VTech
C16185,VTech
C16190,VTech
C16195,VTech
C16200,VTech
C16205,VTech
C16210,Nortel
C16615,TeleMatrix Marquis 3000
C16840,
C16865,VTech
C17010,VTech
C17030,Teledex (Stock)
C17080,VTech
C17085,VTech
C17330,Miscellaneous
C17340,Avaya
C17355,VTech
DIA65009,Teledex (Stock)
DIA65039,Teledex (Stock)
DIA65139,Teledex (Stock)
DIA65149,Teledex (Stock)
DIA651491,Teledex (Stock)
DIA65239,Teledex (Stock)
DIA65309,Custom
DIA653391,Teledex (Stock)
DIA65739,Teledex (Stock)
DIA657491,Teledex (Stock)
DIA67059,Teledex (Stock)
DIA67149,Teledex (Stock)
DIA67159,Teledex (Stock)
DIA67259,Teledex (Stock)
DIA67359,Teledex (Stock)
DIA673591,Teledex (Stock)
DIAMOND +5,Teledex (Stock)
DIAMOND L2S-10E,Custom
EA011000N00L,Custom
EA011000S00T,Teledex OEM
EA011000S04D,Teledex OEM
EA011000S05D,Teledex (Stock)
EA011000S08D,Teledex OEM
EA011000S10D,Teledex (Stock)
EA011000S12D,Teledex OEM
EA011318S00H,Cetis
EA011318S08D,Teledex OEM
EA011319S00H,Cetis
EA011319S04D,Teledex OEM
EA011319S05D,Teledex (Stock)
EA011319S08D,Cetis
EA011319S10D,Teledex (Stock)
EA011319S12D,Teledex OEM
EA012000S00T,Teledex OEM
EA012000S04D,Teledex OEM
EA012000S08D,Teledex OEM
EA012000S10D,Teledex (Stock)
EA012000S12D,Teledex OEM
EA012000S5D,Teledex (Stock)
EA012318S05D,Teledex (Stock)
EA012318S10D,Teledex (Stock)
EA012319S00H,Cetis
EA012319S04D,Teledex OEM
EA012319S05D,Teledex (Stock)
EA012319S08D,Teledex OEM
EA012319S10D,Teledex (Stock)
EA012319S12D,Teledex OEM
EA11000S08D,Cetis
EUROMWD5,Custom
EV011000S00T,Teledex OEM
EV011000S04D,Teledex (Stock)
EV011000S05D,Teledex (Stock)
EV011000S07D,Teledex OEM
EV011318S00H,Teledex OEM
EV011318S05D,Teledex (Stock)
EV011318S07D,Teledex OEM
EV011319S05D,Teledex (Stock)
EV011319S07D,Teledex OEM
EV011324S07D,Teledex OEM
EV012000S00T,Teledex OEM
EV012000S05D,Teledex (Stock)
EV012000S07D,Teledex OEM
EV012318S05D,Teledex (Stock)
EV012318S07D,Teledex OEM
EV012319S05D,Teledex (Stock)
EV012319S07D,Teledex OEM
EV012324S07D,Teledex OEM
EVO12300S07D,Teledex (Stock)
,
,
,
,
,
,
,
,
,
,
,
,
,
,
,
,
,
,
,
,
,
,
,
,
,
IPHONE LD 4105S,Teledex (Stock)
IPN330091,Teledex (Stock)
IPN330291IP-N,Teledex (Stock)
IPN330391,Teledex (Stock)
IPN330491,Teledex (Stock)
IPN331391,Custom
IPN33149,Teledex (Stock)
IPN331491,Teledex (Stock)
IPN331491IP,Teledex (Stock)
IPN332391,Teledex (Stock)
IPN333091,Teledex (Stock)
IPN333391,Teledex (Stock)
IPN333391IP-N,Teledex (Stock)
IPN33339IP,Teledex (Stock)
IPN337391,Teledex (Stock)
IPN337491,Teledex (Stock)
IPN338491IP,Teledex (Stock)
IPN341491,Teledex (Stock)
IPN341491IP-N,Teledex (Stock)
IPN34149IP-N,Teledex (Stock)
IPN34359,Teledex (Stock)
IPN343591,Teledex (Stock)
IPN343591IP-N,Teledex (Stock)
IPN347491,Teledex OEM
IPN692591,Teledex (Stock)
IPN962591,Teledex (Stock)
IPN963591IP-N,Teledex OEM
IPN964591,Teledex (Stock)
IPN964591IP-N,Teledex (Stock)
IPN96559,Teledex (Stock)
IPN965591IP,Teledex (Stock)
IPN982591,Teledex (Stock)
IPN982591IP-N,Teledex OEM
IPN983591,Teledex (Stock)
IPN98459,Teledex (Stock)
IPN98459IP-N,Teledex (Stock)
IPN98559,Teledex (Stock)
IPN985591,Teledex (Stock)
IPN985591IP-N,Teledex (Stock)
LOGO,Custom
MIL788491,Teledex (Stock)
MIL788591,Teledex (Stock)
NUG31039,Teledex (Stock)
NUG317391,Teledex (Stock)
OPAL 2L SPKR SVC BTN ASH,Custom
OPL760091,Teledex (Stock)
OPL76039,Teledex (Stock)
OPL761391,Teledex OEM
OPL761491,Teledex (Stock)
OPL76239,Teledex (Stock)
OPL76309,Teledex (Stock)
OPL76339,Teledex (Stock)
OPL767391,Teledex (Stock)
OPL767491,Teledex (Stock)
OPL78039,Teledex (Stock)
OPL78149,Teledex (Stock)
OPL782591,Teledex (Stock)
OPL78359,Teledex (Stock)
OPL783591,Teledex (Stock)
OPL95149,Teledex (Stock)
OPL95338,Teledex (Stock)
OPL95339,Teledex (Stock)
OPL971491,Teledex (Stock)
OPL97359,Custom
OPL973591,Teledex (Stock)
